,Addictive,Anxiety,Mood,OCD,Schizophrenia,Trauma and Stress-Related
Without PCA,0.5004859086,0.4968734969,0.4886243386,0.4871031746,0.5164502165,0.4948412698
With PCA,0.749271137,0.8771043771,0.9,0.6750992063,0.8861471861,0.894047619
SD No PCA,0.1175428992,0.1740371811,0.1122920051,0.1665984483,0.1309096922,0.1327977836
SD PCA,0.09119924152,0.07939633824,0.0875418771,0.2031548869,0.03666004734,0.05433581648